http://pleiades.stoa.org/places/599868#this	urn:cts:latinLit:phi0690.phi003.alignedEng:3.121    
http://pleiades.stoa.org/places/599867#this	urn:cts:latinLit:phi0690.phi003.alignedEng:3.121    
http://pleiades.stoa.org/places/550491#this	urn:cts:latinLit:phi0690.phi003.alignedEng:1.180    
http://pleiades.stoa.org/places/991353#this	urn:cts:latinLit:phi0690.phi003.alignedEng:1.180    
http://pleiades.stoa.org/places/981549#this	urn:cts:latinLit:phi0690.phi003.alignedEng:1.180    
http://pleiades.stoa.org/places/991353#this	urn:cts:latinLit:phi0690.phi003.alignedEng:3.374    
http://pleiades.stoa.org/places/981549#this	urn:cts:latinLit:phi0690.phi003.alignedEng:3.374    
http://pleiades.stoa.org/places/991353#this	urn:cts:latinLit:phi0690.phi003.alignedEng:3.374    
http://pleiades.stoa.org/places/981549#this	urn:cts:latinLit:phi0690.phi003.alignedEng:3.374    
http://pleiades.stoa.org/places/991353#this	urn:cts:latinLit:phi0690.phi003.alignedEng:3.374    
http://pleiades.stoa.org/places/981549#this	urn:cts:latinLit:phi0690.phi003.alignedEng:3.374    
http://pleiades.stoa.org/places/991353#this	urn:cts:latinLit:phi0690.phi003.alignedEng:3.374    
http://pleiades.stoa.org/places/981549#this	urn:cts:latinLit:phi0690.phi003.alignedEng:3.374    
http://pleiades.stoa.org/places/991353#this	urn:cts:latinLit:phi0690.phi003.alignedEng:3.570    
http://pleiades.stoa.org/places/981549#this	urn:cts:latinLit:phi0690.phi003.alignedEng:3.570    
http://pleiades.stoa.org/places/991353#this	urn:cts:latinLit:phi0690.phi003.alignedEng:5.1    
http://pleiades.stoa.org/places/981549#this	urn:cts:latinLit:phi0690.phi003.alignedEng:5.1    
http://pleiades.stoa.org/places/991353#this	urn:cts:latinLit:phi0690.phi003.alignedEng:5.286    
http://pleiades.stoa.org/places/981549#this	urn:cts:latinLit:phi0690.phi003.alignedEng:5.286    
http://pleiades.stoa.org/places/991353#this	urn:cts:latinLit:phi0690.phi003.alignedEng:5.387    
http://pleiades.stoa.org/places/981549#this	urn:cts:latinLit:phi0690.phi003.alignedEng:5.387    
http://pleiades.stoa.org/places/991353#this	urn:cts:latinLit:phi0690.phi003.alignedEng:5.545    
http://pleiades.stoa.org/places/981549#this	urn:cts:latinLit:phi0690.phi003.alignedEng:5.545    
http://pleiades.stoa.org/places/991353#this	urn:cts:latinLit:phi0690.phi003.alignedEng:5.700    
http://pleiades.stoa.org/places/981549#this	urn:cts:latinLit:phi0690.phi003.alignedEng:5.700    
http://pleiades.stoa.org/places/639166#this	urn:cts:latinLit:phi0690.phi003.alignedEng:1.464    
http://pleiades.stoa.org/places/639167#this	urn:cts:latinLit:phi0690.phi003.alignedEng:1.464    
http://pleiades.stoa.org/places/536144#this	urn:cts:latinLit:phi0690.phi003.alignedEng:1.464    
http://pleiades.stoa.org/places/554341#this	urn:cts:latinLit:phi0690.phi003.alignedEng:1.464    
http://pleiades.stoa.org/places/639166#this	urn:cts:latinLit:phi0690.phi003.alignedEng:3.320    
http://pleiades.stoa.org/places/639167#this	urn:cts:latinLit:phi0690.phi003.alignedEng:3.320    
http://pleiades.stoa.org/places/536144#this	urn:cts:latinLit:phi0690.phi003.alignedEng:3.320    
http://pleiades.stoa.org/places/554341#this	urn:cts:latinLit:phi0690.phi003.alignedEng:3.320    
http://pleiades.stoa.org/places/639166#this	urn:cts:latinLit:phi0690.phi003.alignedEng:3.472    
http://pleiades.stoa.org/places/639167#this	urn:cts:latinLit:phi0690.phi003.alignedEng:3.472    
http://pleiades.stoa.org/places/536144#this	urn:cts:latinLit:phi0690.phi003.alignedEng:3.472    
http://pleiades.stoa.org/places/554341#this	urn:cts:latinLit:phi0690.phi003.alignedEng:3.472    
http://pleiades.stoa.org/places/639166#this	urn:cts:latinLit:phi0690.phi003.alignedEng:4.129    
http://pleiades.stoa.org/places/639167#this	urn:cts:latinLit:phi0690.phi003.alignedEng:4.129    
http://pleiades.stoa.org/places/536144#this	urn:cts:latinLit:phi0690.phi003.alignedEng:4.129    
http://pleiades.stoa.org/places/554341#this	urn:cts:latinLit:phi0690.phi003.alignedEng:4.129    
http://pleiades.stoa.org/places/639166#this	urn:cts:latinLit:phi0690.phi003.alignedEng:5.623    
http://pleiades.stoa.org/places/639167#this	urn:cts:latinLit:phi0690.phi003.alignedEng:5.623    
http://pleiades.stoa.org/places/536144#this	urn:cts:latinLit:phi0690.phi003.alignedEng:5.623    
http://pleiades.stoa.org/places/554341#this	urn:cts:latinLit:phi0690.phi003.alignedEng:5.623    
http://pleiades.stoa.org/places/639166#this	urn:cts:latinLit:phi0690.phi003.alignedEng:5.799    
http://pleiades.stoa.org/places/639167#this	urn:cts:latinLit:phi0690.phi003.alignedEng:5.799    
http://pleiades.stoa.org/places/536144#this	urn:cts:latinLit:phi0690.phi003.alignedEng:5.799    
http://pleiades.stoa.org/places/554341#this	urn:cts:latinLit:phi0690.phi003.alignedEng:5.799    
http://pleiades.stoa.org/places/639166#this	urn:cts:latinLit:phi0690.phi003.alignedEng:5.799    
http://pleiades.stoa.org/places/639167#this	urn:cts:latinLit:phi0690.phi003.alignedEng:5.799    
http://pleiades.stoa.org/places/536144#this	urn:cts:latinLit:phi0690.phi003.alignedEng:5.799    
http://pleiades.stoa.org/places/554341#this	urn:cts:latinLit:phi0690.phi003.alignedEng:5.799    
http://pleiades.stoa.org/places/639166#this	urn:cts:latinLit:phi0690.phi003.alignedEng:6.77    
http://pleiades.stoa.org/places/639167#this	urn:cts:latinLit:phi0690.phi003.alignedEng:6.77    
http://pleiades.stoa.org/places/536144#this	urn:cts:latinLit:phi0690.phi003.alignedEng:6.77    
http://pleiades.stoa.org/places/554341#this	urn:cts:latinLit:phi0690.phi003.alignedEng:6.77    
http://pleiades.stoa.org/places/639166#this	urn:cts:latinLit:phi0690.phi003.alignedEng:10.16    
http://pleiades.stoa.org/places/639167#this	urn:cts:latinLit:phi0690.phi003.alignedEng:10.16    
http://pleiades.stoa.org/places/536144#this	urn:cts:latinLit:phi0690.phi003.alignedEng:10.16    
http://pleiades.stoa.org/places/554341#this	urn:cts:latinLit:phi0690.phi003.alignedEng:10.16    
http://pleiades.stoa.org/places/707462#this	urn:cts:latinLit:phi0690.phi003.alignedEng:10.16    
http://pleiades.stoa.org/places/422833#this	urn:cts:latinLit:phi0690.phi003.alignedEng:7.678    
http://pleiades.stoa.org/places/507447#this	urn:cts:latinLit:phi0690.phi003.alignedEng:3.320    
http://pleiades.stoa.org/places/550812#this	urn:cts:latinLit:phi0690.phi003.alignedEng:3.320    
http://pleiades.stoa.org/places/507447#this	urn:cts:latinLit:phi0690.phi003.alignedEng:3.320    
http://pleiades.stoa.org/places/550812#this	urn:cts:latinLit:phi0690.phi003.alignedEng:3.320    
http://pleiades.stoa.org/places/216731#this	urn:cts:latinLit:phi0690.phi003.alignedEng:5.604    
http://pleiades.stoa.org/places/216731#this	urn:cts:latinLit:phi0690.phi003.alignedEng:5.623    
http://pleiades.stoa.org/places/216731#this	urn:cts:latinLit:phi0690.phi003.alignedEng:5.623    
http://pleiades.stoa.org/places/543686#this	urn:cts:latinLit:phi0690.phi003.alignedEng:3.463    
http://pleiades.stoa.org/places/530843#this	urn:cts:latinLit:phi0690.phi003.alignedEng:3.463    
http://pleiades.stoa.org/places/550911#this	urn:cts:latinLit:phi0690.phi003.alignedEng:2.21    
http://pleiades.stoa.org/places/550912#this	urn:cts:latinLit:phi0690.phi003.alignedEng:2.21    
http://pleiades.stoa.org/places/550911#this	urn:cts:latinLit:phi0690.phi003.alignedEng:2.250    
http://pleiades.stoa.org/places/550912#this	urn:cts:latinLit:phi0690.phi003.alignedEng:2.250    
http://pleiades.stoa.org/places/393473#this	urn:cts:latinLit:phi0690.phi003.alignedEng:1.223    
http://pleiades.stoa.org/places/462225#this	urn:cts:latinLit:phi0690.phi003.alignedEng:7.723    
http://pleiades.stoa.org/places/462225#this	urn:cts:latinLit:phi0690.phi003.alignedEng:10.345    
http://pleiades.stoa.org/places/462086#this	urn:cts:latinLit:phi0690.phi003.alignedEng:3.692    
http://pleiades.stoa.org/places/530871#this	urn:cts:latinLit:phi0690.phi003.alignedEng:3.278    
http://pleiades.stoa.org/places/530871#this	urn:cts:latinLit:phi0690.phi003.alignedEng:3.472    
http://pleiades.stoa.org/places/599821#this	urn:cts:latinLit:phi0690.phi003.alignedEng:3.121    
http://pleiades.stoa.org/places/599822#this	urn:cts:latinLit:phi0690.phi003.alignedEng:3.121    
http://pleiades.stoa.org/places/727172#this	urn:cts:latinLit:phi0690.phi003.alignedEng:6.756    
http://pleiades.stoa.org/places/727172#this	urn:cts:latinLit:phi0690.phi003.alignedEng:8.671    
http://pleiades.stoa.org/places/727172#this	urn:cts:latinLit:phi0690.phi003.alignedEng:9.25    
http://pleiades.stoa.org/places/1001896#this	urn:cts:latinLit:phi0690.phi003.alignedEng:1.81    
http://pleiades.stoa.org/places/1001896#this	urn:cts:latinLit:phi0690.phi003.alignedEng:1.723    
http://pleiades.stoa.org/places/1001896#this	urn:cts:latinLit:phi0690.phi003.alignedEng:2.13    
http://pleiades.stoa.org/places/1001896#this	urn:cts:latinLit:phi0690.phi003.alignedEng:2.40    
http://pleiades.stoa.org/places/1001896#this	urn:cts:latinLit:phi0690.phi003.alignedEng:2.77    
http://pleiades.stoa.org/places/1001896#this	urn:cts:latinLit:phi0690.phi003.alignedEng:2.77    
http://pleiades.stoa.org/places/1001896#this	urn:cts:latinLit:phi0690.phi003.alignedEng:2.105    
http://pleiades.stoa.org/places/1001896#this	urn:cts:latinLit:phi0690.phi003.alignedEng:2.145    
http://pleiades.stoa.org/places/1001896#this	urn:cts:latinLit:phi0690.phi003.alignedEng:2.268    
http://pleiades.stoa.org/places/1001896#this	urn:cts:latinLit:phi0690.phi003.alignedEng:2.567    
http://pleiades.stoa.org/places/1001896#this	urn:cts:latinLit:phi0690.phi003.alignedEng:3.278    
http://pleiades.stoa.org/places/1001896#this	urn:cts:latinLit:phi0690.phi003.alignedEng:3.548    
http://pleiades.stoa.org/places/1001896#this	urn:cts:latinLit:phi0690.phi003.alignedEng:3.588    
http://pleiades.stoa.org/places/1001896#this	urn:cts:latinLit:phi0690.phi003.alignedEng:11.243    
http://pleiades.stoa.org/places/707498#this	urn:cts:latinLit:phi0690.phi003.alignedEng:1.613    
http://pleiades.stoa.org/places/573200#this	urn:cts:latinLit:phi0690.phi003.alignedEng:3.692    
http://pleiades.stoa.org/places/570220#this	urn:cts:latinLit:phi0690.phi003.alignedEng:3.692    
http://pleiades.stoa.org/places/570221#this	urn:cts:latinLit:phi0690.phi003.alignedEng:3.692    
http://pleiades.stoa.org/places/573200#this	urn:cts:latinLit:phi0690.phi003.alignedEng:6.576    
http://pleiades.stoa.org/places/570220#this	urn:cts:latinLit:phi0690.phi003.alignedEng:6.576    
http://pleiades.stoa.org/places/570221#this	urn:cts:latinLit:phi0690.phi003.alignedEng:6.576    
http://pleiades.stoa.org/places/462489#this	urn:cts:latinLit:phi0690.phi003.alignedEng:3.692    
http://pleiades.stoa.org/places/422859#this	urn:cts:latinLit:phi0690.phi003.alignedEng:10.166    
http://pleiades.stoa.org/places/501366#this	urn:cts:latinLit:phi0690.phi003.alignedEng:12.697    
http://pleiades.stoa.org/places/501365#this	urn:cts:latinLit:phi0690.phi003.alignedEng:12.697    
http://pleiades.stoa.org/places/432734#this	urn:cts:latinLit:phi0690.phi003.alignedEng:6.893    
http://pleiades.stoa.org/places/432735#this	urn:cts:latinLit:phi0690.phi003.alignedEng:6.893    
http://pleiades.stoa.org/places/432734#this	urn:cts:latinLit:phi0690.phi003.alignedEng:7.1    
http://pleiades.stoa.org/places/432735#this	urn:cts:latinLit:phi0690.phi003.alignedEng:7.1    
http://pleiades.stoa.org/places/531110#this	urn:cts:latinLit:phi0690.phi003.alignedEng:8.671    
http://pleiades.stoa.org/places/491677#this	urn:cts:latinLit:phi0690.phi003.alignedEng:4.238    
http://pleiades.stoa.org/places/615343#this	urn:cts:latinLit:phi0690.phi003.alignedEng:4.238    
http://pleiades.stoa.org/places/573407#this	urn:cts:latinLit:phi0690.phi003.alignedEng:4.238    
http://pleiades.stoa.org/places/491677#this	urn:cts:latinLit:phi0690.phi003.alignedEng:8.520    
http://pleiades.stoa.org/places/615343#this	urn:cts:latinLit:phi0690.phi003.alignedEng:8.520    
http://pleiades.stoa.org/places/573407#this	urn:cts:latinLit:phi0690.phi003.alignedEng:8.520    
http://pleiades.stoa.org/places/491677#this	urn:cts:latinLit:phi0690.phi003.alignedEng:9.77    
http://pleiades.stoa.org/places/615343#this	urn:cts:latinLit:phi0690.phi003.alignedEng:9.77    
http://pleiades.stoa.org/places/573407#this	urn:cts:latinLit:phi0690.phi003.alignedEng:9.77    
http://pleiades.stoa.org/places/491677#this	urn:cts:latinLit:phi0690.phi003.alignedEng:10.1    
http://pleiades.stoa.org/places/615343#this	urn:cts:latinLit:phi0690.phi003.alignedEng:10.1    
http://pleiades.stoa.org/places/573407#this	urn:cts:latinLit:phi0690.phi003.alignedEng:10.1    
http://pleiades.stoa.org/places/491677#this	urn:cts:latinLit:phi0690.phi003.alignedEng:10.1    
http://pleiades.stoa.org/places/615343#this	urn:cts:latinLit:phi0690.phi003.alignedEng:10.1    
http://pleiades.stoa.org/places/573407#this	urn:cts:latinLit:phi0690.phi003.alignedEng:10.1    
http://pleiades.stoa.org/places/491677#this	urn:cts:latinLit:phi0690.phi003.alignedEng:10.96    
http://pleiades.stoa.org/places/615343#this	urn:cts:latinLit:phi0690.phi003.alignedEng:10.96    
http://pleiades.stoa.org/places/573407#this	urn:cts:latinLit:phi0690.phi003.alignedEng:10.96    
http://pleiades.stoa.org/places/491677#this	urn:cts:latinLit:phi0690.phi003.alignedEng:10.96    
http://pleiades.stoa.org/places/615343#this	urn:cts:latinLit:phi0690.phi003.alignedEng:10.96    
http://pleiades.stoa.org/places/573407#this	urn:cts:latinLit:phi0690.phi003.alignedEng:10.96    
http://pleiades.stoa.org/places/491677#this	urn:cts:latinLit:phi0690.phi003.alignedEng:10.426    
http://pleiades.stoa.org/places/615343#this	urn:cts:latinLit:phi0690.phi003.alignedEng:10.426    
http://pleiades.stoa.org/places/573407#this	urn:cts:latinLit:phi0690.phi003.alignedEng:10.426    
http://pleiades.stoa.org/places/491677#this	urn:cts:latinLit:phi0690.phi003.alignedEng:12.614    
http://pleiades.stoa.org/places/615343#this	urn:cts:latinLit:phi0690.phi003.alignedEng:12.614    
http://pleiades.stoa.org/places/573407#this	urn:cts:latinLit:phi0690.phi003.alignedEng:12.614    
http://pleiades.stoa.org/places/491677#this	urn:cts:latinLit:phi0690.phi003.alignedEng:12.791    
http://pleiades.stoa.org/places/615343#this	urn:cts:latinLit:phi0690.phi003.alignedEng:12.791    
http://pleiades.stoa.org/places/573407#this	urn:cts:latinLit:phi0690.phi003.alignedEng:12.791    
http://pleiades.stoa.org/places/432716#this	urn:cts:latinLit:phi0690.phi003.alignedEng:9.691    
http://pleiades.stoa.org/places/658394#this	urn:cts:latinLit:phi0690.phi003.alignedEng:9.691    
http://pleiades.stoa.org/places/573123#this	urn:cts:latinLit:phi0690.phi003.alignedEng:1.372    
http://pleiades.stoa.org/places/915832#this	urn:cts:latinLit:phi0690.phi003.alignedEng:1.372    
http://pleiades.stoa.org/places/573123#this	urn:cts:latinLit:phi0690.phi003.alignedEng:2.1    
http://pleiades.stoa.org/places/915832#this	urn:cts:latinLit:phi0690.phi003.alignedEng:2.1    
http://pleiades.stoa.org/places/573123#this	urn:cts:latinLit:phi0690.phi003.alignedEng:2.145    
http://pleiades.stoa.org/places/915832#this	urn:cts:latinLit:phi0690.phi003.alignedEng:2.145    
http://pleiades.stoa.org/places/573123#this	urn:cts:latinLit:phi0690.phi003.alignedEng:3.1    
http://pleiades.stoa.org/places/915832#this	urn:cts:latinLit:phi0690.phi003.alignedEng:3.1    
http://pleiades.stoa.org/places/573123#this	urn:cts:latinLit:phi0690.phi003.alignedEng:7.212    
http://pleiades.stoa.org/places/915832#this	urn:cts:latinLit:phi0690.phi003.alignedEng:7.212    
http://pleiades.stoa.org/places/573123#this	urn:cts:latinLit:phi0690.phi003.alignedEng:7.212    
http://pleiades.stoa.org/places/915832#this	urn:cts:latinLit:phi0690.phi003.alignedEng:7.212    
http://pleiades.stoa.org/places/573123#this	urn:cts:latinLit:phi0690.phi003.alignedEng:7.691    
http://pleiades.stoa.org/places/915832#this	urn:cts:latinLit:phi0690.phi003.alignedEng:7.691    
http://pleiades.stoa.org/places/573123#this	urn:cts:latinLit:phi0690.phi003.alignedEng:10.62    
http://pleiades.stoa.org/places/915832#this	urn:cts:latinLit:phi0690.phi003.alignedEng:10.62    
http://pleiades.stoa.org/places/573123#this	urn:cts:latinLit:phi0690.phi003.alignedEng:11.243    
http://pleiades.stoa.org/places/915832#this	urn:cts:latinLit:phi0690.phi003.alignedEng:11.243    
http://pleiades.stoa.org/places/536074#this	urn:cts:latinLit:phi0690.phi003.alignedEng:1.372    
http://pleiades.stoa.org/places/536074#this	urn:cts:latinLit:phi0690.phi003.alignedEng:7.212    
http://pleiades.stoa.org/places/536074#this	urn:cts:latinLit:phi0690.phi003.alignedEng:10.62    
http://pleiades.stoa.org/places/678437#this	urn:cts:latinLit:phi0690.phi003.alignedEng:1.335    
http://pleiades.stoa.org/places/678437#this	urn:cts:latinLit:phi0690.phi003.alignedEng:4.31    
http://pleiades.stoa.org/places/678437#this	urn:cts:latinLit:phi0690.phi003.alignedEng:4.31    
http://pleiades.stoa.org/places/678437#this	urn:cts:latinLit:phi0690.phi003.alignedEng:4.105    
http://pleiades.stoa.org/places/678437#this	urn:cts:latinLit:phi0690.phi003.alignedEng:4.659    
http://pleiades.stoa.org/places/678393#this	urn:cts:latinLit:phi0690.phi003.alignedEng:1.613    
http://pleiades.stoa.org/places/678393#this	urn:cts:latinLit:phi0690.phi003.alignedEng:4.54    
http://pleiades.stoa.org/places/678393#this	urn:cts:latinLit:phi0690.phi003.alignedEng:4.522    
http://pleiades.stoa.org/places/678393#this	urn:cts:latinLit:phi0690.phi003.alignedEng:4.659    
http://pleiades.stoa.org/places/678393#this	urn:cts:latinLit:phi0690.phi003.alignedEng:5.545    
http://pleiades.stoa.org/places/413096#this	urn:cts:latinLit:phi0690.phi003.alignedEng:10.166    
http://pleiades.stoa.org/places/413096#this	urn:cts:latinLit:phi0690.phi003.alignedEng:10.653    
http://pleiades.stoa.org/places/413044#this	urn:cts:latinLit:phi0690.phi003.alignedEng:7.406    
http://pleiades.stoa.org/places/413044#this	urn:cts:latinLit:phi0690.phi003.alignedEng:7.601    
http://pleiades.stoa.org/places/413044#this	urn:cts:latinLit:phi0690.phi003.alignedEng:8.337    
http://pleiades.stoa.org/places/432927#this	urn:cts:latinLit:phi0690.phi003.alignedEng:7.750    
http://pleiades.stoa.org/places/413013#this	urn:cts:latinLit:phi0690.phi003.alignedEng:7.706    
http://pleiades.stoa.org/places/314921#this	urn:cts:latinLit:phi0690.phi003.alignedEng:1.12    
http://pleiades.stoa.org/places/314921#this	urn:cts:latinLit:phi0690.phi003.alignedEng:1.335    
http://pleiades.stoa.org/places/314921#this	urn:cts:latinLit:phi0690.phi003.alignedEng:4.90    
http://pleiades.stoa.org/places/314921#this	urn:cts:latinLit:phi0690.phi003.alignedEng:4.238    
http://pleiades.stoa.org/places/314921#this	urn:cts:latinLit:phi0690.phi003.alignedEng:4.331    
http://pleiades.stoa.org/places/314921#this	urn:cts:latinLit:phi0690.phi003.alignedEng:4.659    
http://pleiades.stoa.org/places/314921#this	urn:cts:latinLit:phi0690.phi003.alignedEng:5.1    
http://pleiades.stoa.org/places/314921#this	urn:cts:latinLit:phi0690.phi003.alignedEng:10.1    
http://pleiades.stoa.org/places/314921#this	urn:cts:latinLit:phi0690.phi003.alignedEng:10.16    
http://pleiades.stoa.org/places/413062#this	urn:cts:latinLit:phi0690.phi003.alignedEng:7.691    
http://pleiades.stoa.org/places/570612#this	urn:cts:latinLit:phi0690.phi003.alignedEng:10.166    
http://pleiades.stoa.org/places/403253#this	urn:cts:latinLit:phi0690.phi003.alignedEng:10.166    
http://pleiades.stoa.org/places/570182#this	urn:cts:latinLit:phi0690.phi003.alignedEng:6.801    
http://pleiades.stoa.org/places/570491#this	urn:cts:latinLit:phi0690.phi003.alignedEng:1.272    
http://pleiades.stoa.org/places/570491#this	urn:cts:latinLit:phi0690.phi003.alignedEng:1.643    
http://pleiades.stoa.org/places/570491#this	urn:cts:latinLit:phi0690.phi003.alignedEng:2.21    
http://pleiades.stoa.org/places/570491#this	urn:cts:latinLit:phi0690.phi003.alignedEng:2.145    
http://pleiades.stoa.org/places/570491#this	urn:cts:latinLit:phi0690.phi003.alignedEng:2.318    
http://pleiades.stoa.org/places/570491#this	urn:cts:latinLit:phi0690.phi003.alignedEng:2.567    
http://pleiades.stoa.org/places/570491#this	urn:cts:latinLit:phi0690.phi003.alignedEng:5.42    
http://pleiades.stoa.org/places/570491#this	urn:cts:latinLit:phi0690.phi003.alignedEng:7.212    
http://pleiades.stoa.org/places/570491#this	urn:cts:latinLit:phi0690.phi003.alignedEng:7.341    
http://pleiades.stoa.org/places/570491#this	urn:cts:latinLit:phi0690.phi003.alignedEng:9.123    
http://pleiades.stoa.org/places/570491#this	urn:cts:latinLit:phi0690.phi003.alignedEng:11.243    
http://pleiades.stoa.org/places/422960#this	urn:cts:latinLit:phi0690.phi003.alignedEng:1.254    
http://pleiades.stoa.org/places/531154#this	urn:cts:latinLit:phi0690.phi003.alignedEng:3.258    
http://pleiades.stoa.org/places/531155#this	urn:cts:latinLit:phi0690.phi003.alignedEng:3.258    
http://pleiades.stoa.org/places/452488#this	urn:cts:latinLit:phi0690.phi003.alignedEng:6.337    
http://pleiades.stoa.org/places/438866#this	urn:cts:latinLit:phi0690.phi003.alignedEng:6.337    
http://pleiades.stoa.org/places/442810#this	urn:cts:latinLit:phi0690.phi003.alignedEng:3.548    
http://pleiades.stoa.org/places/383704#this	urn:cts:latinLit:phi0690.phi003.alignedEng:10.198    
http://pleiades.stoa.org/places/383704#this	urn:cts:latinLit:phi0690.phi003.alignedEng:10.198    
http://pleiades.stoa.org/places/432808#this	urn:cts:latinLit:phi0690.phi003.alignedEng:3.441    
http://pleiades.stoa.org/places/432808#this	urn:cts:latinLit:phi0690.phi003.alignedEng:5.799    
http://pleiades.stoa.org/places/432808#this	urn:cts:latinLit:phi0690.phi003.alignedEng:6.14    
http://pleiades.stoa.org/places/422932#this	urn:cts:latinLit:phi0690.phi003.alignedEng:6.756    
http://pleiades.stoa.org/places/589748#this	urn:cts:latinLit:phi0690.phi003.alignedEng:3.90    
http://pleiades.stoa.org/places/589748#this	urn:cts:latinLit:phi0690.phi003.alignedEng:3.121    
http://pleiades.stoa.org/places/589748#this	urn:cts:latinLit:phi0690.phi003.alignedEng:3.121    
http://pleiades.stoa.org/places/589748#this	urn:cts:latinLit:phi0690.phi003.alignedEng:5.575    
http://pleiades.stoa.org/places/589748#this	urn:cts:latinLit:phi0690.phi003.alignedEng:6.14    
http://pleiades.stoa.org/places/579889#this	urn:cts:latinLit:phi0690.phi003.alignedEng:4.416    
http://pleiades.stoa.org/places/442485#this	urn:cts:latinLit:phi0690.phi003.alignedEng:11.399    
http://pleiades.stoa.org/places/543777#this	urn:cts:latinLit:phi0690.phi003.alignedEng:3.675    
http://pleiades.stoa.org/places/570468#this	urn:cts:latinLit:phi0690.phi003.alignedEng:3.675    
http://pleiades.stoa.org/places/674250#this	urn:cts:latinLit:phi0690.phi003.alignedEng:3.675    
http://pleiades.stoa.org/places/648686#this	urn:cts:latinLit:phi0690.phi003.alignedEng:3.258    
http://pleiades.stoa.org/places/648685#this	urn:cts:latinLit:phi0690.phi003.alignedEng:3.258    
http://pleiades.stoa.org/places/707596#this	urn:cts:latinLit:phi0690.phi003.alignedEng:1.402    
http://pleiades.stoa.org/places/707586#this	urn:cts:latinLit:phi0690.phi003.alignedEng:1.402    
http://pleiades.stoa.org/places/707596#this	urn:cts:latinLit:phi0690.phi003.alignedEng:10.62    
http://pleiades.stoa.org/places/707586#this	urn:cts:latinLit:phi0690.phi003.alignedEng:10.62    
http://pleiades.stoa.org/places/585947#this	urn:cts:latinLit:phi0690.phi003.alignedEng:5.779    
http://pleiades.stoa.org/places/897830#this	urn:cts:latinLit:phi0690.phi003.alignedEng:5.779    
http://pleiades.stoa.org/places/585947#this	urn:cts:latinLit:phi0690.phi003.alignedEng:7.135    
http://pleiades.stoa.org/places/897830#this	urn:cts:latinLit:phi0690.phi003.alignedEng:7.135    
http://pleiades.stoa.org/places/585947#this	urn:cts:latinLit:phi0690.phi003.alignedEng:9.123    
http://pleiades.stoa.org/places/897830#this	urn:cts:latinLit:phi0690.phi003.alignedEng:9.123    
http://pleiades.stoa.org/places/585947#this	urn:cts:latinLit:phi0690.phi003.alignedEng:10.62    
http://pleiades.stoa.org/places/897830#this	urn:cts:latinLit:phi0690.phi003.alignedEng:10.62    
http://pleiades.stoa.org/places/585947#this	urn:cts:latinLit:phi0690.phi003.alignedEng:10.215    
http://pleiades.stoa.org/places/897830#this	urn:cts:latinLit:phi0690.phi003.alignedEng:10.215    
http://pleiades.stoa.org/places/585947#this	urn:cts:latinLit:phi0690.phi003.alignedEng:10.575    
http://pleiades.stoa.org/places/897830#this	urn:cts:latinLit:phi0690.phi003.alignedEng:10.575    
http://pleiades.stoa.org/places/1001889#this	urn:cts:latinLit:phi0690.phi003.alignedEng:6.637    
http://pleiades.stoa.org/places/1001889#this	urn:cts:latinLit:phi0690.phi003.alignedEng:11.648    
http://pleiades.stoa.org/places/1001889#this	urn:cts:latinLit:phi0690.phi003.alignedEng:11.836    
http://pleiades.stoa.org/places/1001889#this	urn:cts:latinLit:phi0690.phi003.alignedEng:12.311    
http://pleiades.stoa.org/places/1001889#this	urn:cts:latinLit:phi0690.phi003.alignedEng:12.346    
http://pleiades.stoa.org/places/422844#this	urn:cts:latinLit:phi0690.phi003.alignedEng:7.761    
http://pleiades.stoa.org/places/570685#this	urn:cts:latinLit:phi0690.phi003.alignedEng:7.341    
http://pleiades.stoa.org/places/570406#this	urn:cts:latinLit:phi0690.phi003.alignedEng:7.341    
http://pleiades.stoa.org/places/423013#this	urn:cts:latinLit:phi0690.phi003.alignedEng:7.678    
http://pleiades.stoa.org/places/423013#this	urn:cts:latinLit:phi0690.phi003.alignedEng:7.678    
http://pleiades.stoa.org/places/599564#this	urn:cts:latinLit:phi0690.phi003.alignedEng:8.671    
http://pleiades.stoa.org/places/423081#this	urn:cts:latinLit:phi0690.phi003.alignedEng:7.601    
http://pleiades.stoa.org/places/423081#this	urn:cts:latinLit:phi0690.phi003.alignedEng:7.670    
http://pleiades.stoa.org/places/423081#this	urn:cts:latinLit:phi0690.phi003.alignedEng:9.314    
http://pleiades.stoa.org/places/423025#this	urn:cts:latinLit:phi0690.phi003.alignedEng:1.1    
http://pleiades.stoa.org/places/423025#this	urn:cts:latinLit:phi0690.phi003.alignedEng:4.219    
http://pleiades.stoa.org/places/423025#this	urn:cts:latinLit:phi0690.phi003.alignedEng:5.114    
http://pleiades.stoa.org/places/423025#this	urn:cts:latinLit:phi0690.phi003.alignedEng:5.545    
http://pleiades.stoa.org/places/423025#this	urn:cts:latinLit:phi0690.phi003.alignedEng:5.575    
http://pleiades.stoa.org/places/423025#this	urn:cts:latinLit:phi0690.phi003.alignedEng:6.756    
http://pleiades.stoa.org/places/423025#this	urn:cts:latinLit:phi0690.phi003.alignedEng:6.801    
http://pleiades.stoa.org/places/423025#this	urn:cts:latinLit:phi0690.phi003.alignedEng:6.801    
http://pleiades.stoa.org/places/423025#this	urn:cts:latinLit:phi0690.phi003.alignedEng:6.854    
http://pleiades.stoa.org/places/423025#this	urn:cts:latinLit:phi0690.phi003.alignedEng:7.601    
http://pleiades.stoa.org/places/423025#this	urn:cts:latinLit:phi0690.phi003.alignedEng:8.81    
http://pleiades.stoa.org/places/423025#this	urn:cts:latinLit:phi0690.phi003.alignedEng:8.608    
http://pleiades.stoa.org/places/423025#this	urn:cts:latinLit:phi0690.phi003.alignedEng:8.630    
http://pleiades.stoa.org/places/423025#this	urn:cts:latinLit:phi0690.phi003.alignedEng:8.630    
http://pleiades.stoa.org/places/423025#this	urn:cts:latinLit:phi0690.phi003.alignedEng:8.630    
http://pleiades.stoa.org/places/423025#this	urn:cts:latinLit:phi0690.phi003.alignedEng:8.671    
http://pleiades.stoa.org/places/423025#this	urn:cts:latinLit:phi0690.phi003.alignedEng:10.1    
http://pleiades.stoa.org/places/423025#this	urn:cts:latinLit:phi0690.phi003.alignedEng:12.161    
http://pleiades.stoa.org/places/423025#this	urn:cts:latinLit:phi0690.phi003.alignedEng:12.791    
http://pleiades.stoa.org/places/1052#this	urn:cts:latinLit:phi0690.phi003.alignedEng:1.1    
http://pleiades.stoa.org/places/1052#this	urn:cts:latinLit:phi0690.phi003.alignedEng:1.12    
http://pleiades.stoa.org/places/1052#this	urn:cts:latinLit:phi0690.phi003.alignedEng:1.34    
http://pleiades.stoa.org/places/1052#this	urn:cts:latinLit:phi0690.phi003.alignedEng:1.65    
http://pleiades.stoa.org/places/1052#this	urn:cts:latinLit:phi0690.phi003.alignedEng:1.223    
http://pleiades.stoa.org/places/1052#this	urn:cts:latinLit:phi0690.phi003.alignedEng:1.254    
http://pleiades.stoa.org/places/1052#this	urn:cts:latinLit:phi0690.phi003.alignedEng:1.372    
http://pleiades.stoa.org/places/1052#this	urn:cts:latinLit:phi0690.phi003.alignedEng:1.520    
http://pleiades.stoa.org/places/1052#this	urn:cts:latinLit:phi0690.phi003.alignedEng:1.544    
http://pleiades.stoa.org/places/1052#this	urn:cts:latinLit:phi0690.phi003.alignedEng:1.544    
http://pleiades.stoa.org/places/1052#this	urn:cts:latinLit:phi0690.phi003.alignedEng:3.147    
http://pleiades.stoa.org/places/1052#this	urn:cts:latinLit:phi0690.phi003.alignedEng:3.147    
http://pleiades.stoa.org/places/1052#this	urn:cts:latinLit:phi0690.phi003.alignedEng:3.192    
http://pleiades.stoa.org/places/1052#this	urn:cts:latinLit:phi0690.phi003.alignedEng:3.356    
http://pleiades.stoa.org/places/1052#this	urn:cts:latinLit:phi0690.phi003.alignedEng:3.374    
http://pleiades.stoa.org/places/1052#this	urn:cts:latinLit:phi0690.phi003.alignedEng:3.374    
http://pleiades.stoa.org/places/1052#this	urn:cts:latinLit:phi0690.phi003.alignedEng:3.441    
http://pleiades.stoa.org/places/1052#this	urn:cts:latinLit:phi0690.phi003.alignedEng:3.472    
http://pleiades.stoa.org/places/1052#this	urn:cts:latinLit:phi0690.phi003.alignedEng:3.506    
http://pleiades.stoa.org/places/1052#this	urn:cts:latinLit:phi0690.phi003.alignedEng:3.521    
http://pleiades.stoa.org/places/1052#this	urn:cts:latinLit:phi0690.phi003.alignedEng:3.521    
http://pleiades.stoa.org/places/1052#this	urn:cts:latinLit:phi0690.phi003.alignedEng:3.521    
http://pleiades.stoa.org/places/1052#this	urn:cts:latinLit:phi0690.phi003.alignedEng:3.655    
http://pleiades.stoa.org/places/1052#this	urn:cts:latinLit:phi0690.phi003.alignedEng:4.219    
http://pleiades.stoa.org/places/1052#this	urn:cts:latinLit:phi0690.phi003.alignedEng:4.238    
http://pleiades.stoa.org/places/1052#this	urn:cts:latinLit:phi0690.phi003.alignedEng:4.331    
http://pleiades.stoa.org/places/1052#this	urn:cts:latinLit:phi0690.phi003.alignedEng:4.331    
http://pleiades.stoa.org/places/1052#this	urn:cts:latinLit:phi0690.phi003.alignedEng:4.362    
http://pleiades.stoa.org/places/1052#this	urn:cts:latinLit:phi0690.phi003.alignedEng:5.1    
http://pleiades.stoa.org/places/1052#this	urn:cts:latinLit:phi0690.phi003.alignedEng:5.72    
http://pleiades.stoa.org/places/1052#this	urn:cts:latinLit:phi0690.phi003.alignedEng:5.114    
http://pleiades.stoa.org/places/1052#this	urn:cts:latinLit:phi0690.phi003.alignedEng:5.545    
http://pleiades.stoa.org/places/1052#this	urn:cts:latinLit:phi0690.phi003.alignedEng:5.623    
http://pleiades.stoa.org/places/1052#this	urn:cts:latinLit:phi0690.phi003.alignedEng:5.719    
http://pleiades.stoa.org/places/1052#this	urn:cts:latinLit:phi0690.phi003.alignedEng:6.77    
http://pleiades.stoa.org/places/1052#this	urn:cts:latinLit:phi0690.phi003.alignedEng:6.337    
http://pleiades.stoa.org/places/1052#this	urn:cts:latinLit:phi0690.phi003.alignedEng:6.703    
http://pleiades.stoa.org/places/1052#this	urn:cts:latinLit:phi0690.phi003.alignedEng:7.37    
http://pleiades.stoa.org/places/1052#this	urn:cts:latinLit:phi0690.phi003.alignedEng:7.323    
http://pleiades.stoa.org/places/1052#this	urn:cts:latinLit:phi0690.phi003.alignedEng:7.445    
http://pleiades.stoa.org/places/1052#this	urn:cts:latinLit:phi0690.phi003.alignedEng:7.540    
http://pleiades.stoa.org/places/1052#this	urn:cts:latinLit:phi0690.phi003.alignedEng:7.641    
http://pleiades.stoa.org/places/1052#this	urn:cts:latinLit:phi0690.phi003.alignedEng:7.761    
http://pleiades.stoa.org/places/1052#this	urn:cts:latinLit:phi0690.phi003.alignedEng:8.470    
http://pleiades.stoa.org/places/1052#this	urn:cts:latinLit:phi0690.phi003.alignedEng:8.608    
http://pleiades.stoa.org/places/1052#this	urn:cts:latinLit:phi0690.phi003.alignedEng:8.671    
http://pleiades.stoa.org/places/1052#this	urn:cts:latinLit:phi0690.phi003.alignedEng:8.671    
http://pleiades.stoa.org/places/1052#this	urn:cts:latinLit:phi0690.phi003.alignedEng:9.123    
http://pleiades.stoa.org/places/1052#this	urn:cts:latinLit:phi0690.phi003.alignedEng:9.246    
http://pleiades.stoa.org/places/1052#this	urn:cts:latinLit:phi0690.phi003.alignedEng:9.590    
http://pleiades.stoa.org/places/1052#this	urn:cts:latinLit:phi0690.phi003.alignedEng:10.1    
http://pleiades.stoa.org/places/1052#this	urn:cts:latinLit:phi0690.phi003.alignedEng:10.16    
http://pleiades.stoa.org/places/1052#this	urn:cts:latinLit:phi0690.phi003.alignedEng:10.62    
http://pleiades.stoa.org/places/1052#this	urn:cts:latinLit:phi0690.phi003.alignedEng:10.62    
http://pleiades.stoa.org/places/1052#this	urn:cts:latinLit:phi0690.phi003.alignedEng:10.96    
http://pleiades.stoa.org/places/1052#this	urn:cts:latinLit:phi0690.phi003.alignedEng:10.96    
http://pleiades.stoa.org/places/1052#this	urn:cts:latinLit:phi0690.phi003.alignedEng:10.769    
http://pleiades.stoa.org/places/1052#this	urn:cts:latinLit:phi0690.phi003.alignedEng:11.203    
http://pleiades.stoa.org/places/1052#this	urn:cts:latinLit:phi0690.phi003.alignedEng:11.498    
http://pleiades.stoa.org/places/1052#this	urn:cts:latinLit:phi0690.phi003.alignedEng:11.648    
http://pleiades.stoa.org/places/1052#this	urn:cts:latinLit:phi0690.phi003.alignedEng:12.18    
http://pleiades.stoa.org/places/1052#this	urn:cts:latinLit:phi0690.phi003.alignedEng:12.18    
http://pleiades.stoa.org/places/1052#this	urn:cts:latinLit:phi0690.phi003.alignedEng:12.175    
http://pleiades.stoa.org/places/1052#this	urn:cts:latinLit:phi0690.phi003.alignedEng:12.195    
http://pleiades.stoa.org/places/1052#this	urn:cts:latinLit:phi0690.phi003.alignedEng:12.287    
http://pleiades.stoa.org/places/1052#this	urn:cts:latinLit:phi0690.phi003.alignedEng:12.614    
http://pleiades.stoa.org/places/1052#this	urn:cts:latinLit:phi0690.phi003.alignedEng:12.650    
http://pleiades.stoa.org/places/1052#this	urn:cts:latinLit:phi0690.phi003.alignedEng:12.697    
http://pleiades.stoa.org/places/1052#this	urn:cts:latinLit:phi0690.phi003.alignedEng:12.791    
http://pleiades.stoa.org/places/550595#this	urn:cts:latinLit:phi0690.phi003.alignedEng:1.12    
http://pleiades.stoa.org/places/550595#this	urn:cts:latinLit:phi0690.phi003.alignedEng:1.65    
http://pleiades.stoa.org/places/550595#this	urn:cts:latinLit:phi0690.phi003.alignedEng:1.81    
http://pleiades.stoa.org/places/550595#this	urn:cts:latinLit:phi0690.phi003.alignedEng:1.102    
http://pleiades.stoa.org/places/550595#this	urn:cts:latinLit:phi0690.phi003.alignedEng:1.198    
http://pleiades.stoa.org/places/550595#this	urn:cts:latinLit:phi0690.phi003.alignedEng:1.223    
http://pleiades.stoa.org/places/550595#this	urn:cts:latinLit:phi0690.phi003.alignedEng:1.223    
http://pleiades.stoa.org/places/550595#this	urn:cts:latinLit:phi0690.phi003.alignedEng:1.223    
http://pleiades.stoa.org/places/550595#this	urn:cts:latinLit:phi0690.phi003.alignedEng:1.254    
http://pleiades.stoa.org/places/550595#this	urn:cts:latinLit:phi0690.phi003.alignedEng:1.272    
http://pleiades.stoa.org/places/550595#this	urn:cts:latinLit:phi0690.phi003.alignedEng:1.297    
http://pleiades.stoa.org/places/550595#this	urn:cts:latinLit:phi0690.phi003.alignedEng:1.372    
http://pleiades.stoa.org/places/550595#this	urn:cts:latinLit:phi0690.phi003.alignedEng:1.372    
http://pleiades.stoa.org/places/550595#this	urn:cts:latinLit:phi0690.phi003.alignedEng:1.441    
http://pleiades.stoa.org/places/550595#this	urn:cts:latinLit:phi0690.phi003.alignedEng:1.464    
http://pleiades.stoa.org/places/550595#this	urn:cts:latinLit:phi0690.phi003.alignedEng:1.464    
http://pleiades.stoa.org/places/550595#this	urn:cts:latinLit:phi0690.phi003.alignedEng:1.579    
http://pleiades.stoa.org/places/550595#this	urn:cts:latinLit:phi0690.phi003.alignedEng:1.613    
http://pleiades.stoa.org/places/550595#this	urn:cts:latinLit:phi0690.phi003.alignedEng:1.643    
http://pleiades.stoa.org/places/550595#this	urn:cts:latinLit:phi0690.phi003.alignedEng:1.643    
http://pleiades.stoa.org/places/550595#this	urn:cts:latinLit:phi0690.phi003.alignedEng:1.657    
http://pleiades.stoa.org/places/550595#this	urn:cts:latinLit:phi0690.phi003.alignedEng:1.723    
http://pleiades.stoa.org/places/550595#this	urn:cts:latinLit:phi0690.phi003.alignedEng:2.1    
http://pleiades.stoa.org/places/550595#this	urn:cts:latinLit:phi0690.phi003.alignedEng:2.21    
http://pleiades.stoa.org/places/550595#this	urn:cts:latinLit:phi0690.phi003.alignedEng:2.21    
http://pleiades.stoa.org/places/550595#this	urn:cts:latinLit:phi0690.phi003.alignedEng:2.40    
http://pleiades.stoa.org/places/550595#this	urn:cts:latinLit:phi0690.phi003.alignedEng:2.40    
http://pleiades.stoa.org/places/550595#this	urn:cts:latinLit:phi0690.phi003.alignedEng:2.57    
http://pleiades.stoa.org/places/550595#this	urn:cts:latinLit:phi0690.phi003.alignedEng:2.57    
http://pleiades.stoa.org/places/550595#this	urn:cts:latinLit:phi0690.phi003.alignedEng:2.105    
http://pleiades.stoa.org/places/550595#this	urn:cts:latinLit:phi0690.phi003.alignedEng:2.234    
http://pleiades.stoa.org/places/550595#this	urn:cts:latinLit:phi0690.phi003.alignedEng:2.234    
http://pleiades.stoa.org/places/550595#this	urn:cts:latinLit:phi0690.phi003.alignedEng:2.268    
http://pleiades.stoa.org/places/550595#this	urn:cts:latinLit:phi0690.phi003.alignedEng:2.268    
http://pleiades.stoa.org/places/550595#this	urn:cts:latinLit:phi0690.phi003.alignedEng:2.268    
http://pleiades.stoa.org/places/550595#this	urn:cts:latinLit:phi0690.phi003.alignedEng:2.268    
http://pleiades.stoa.org/places/550595#this	urn:cts:latinLit:phi0690.phi003.alignedEng:2.268    
http://pleiades.stoa.org/places/550595#this	urn:cts:latinLit:phi0690.phi003.alignedEng:2.318    
http://pleiades.stoa.org/places/550595#this	urn:cts:latinLit:phi0690.phi003.alignedEng:2.318    
http://pleiades.stoa.org/places/550595#this	urn:cts:latinLit:phi0690.phi003.alignedEng:2.370    
http://pleiades.stoa.org/places/550595#this	urn:cts:latinLit:phi0690.phi003.alignedEng:2.438    
http://pleiades.stoa.org/places/550595#this	urn:cts:latinLit:phi0690.phi003.alignedEng:2.453    
http://pleiades.stoa.org/places/550595#this	urn:cts:latinLit:phi0690.phi003.alignedEng:2.526    
http://pleiades.stoa.org/places/550595#this	urn:cts:latinLit:phi0690.phi003.alignedEng:2.567    
http://pleiades.stoa.org/places/550595#this	urn:cts:latinLit:phi0690.phi003.alignedEng:2.567    
http://pleiades.stoa.org/places/550595#this	urn:cts:latinLit:phi0690.phi003.alignedEng:2.567    
http://pleiades.stoa.org/places/550595#this	urn:cts:latinLit:phi0690.phi003.alignedEng:2.588    
http://pleiades.stoa.org/places/550595#this	urn:cts:latinLit:phi0690.phi003.alignedEng:2.624    
http://pleiades.stoa.org/places/550595#this	urn:cts:latinLit:phi0690.phi003.alignedEng:2.624    
http://pleiades.stoa.org/places/550595#this	urn:cts:latinLit:phi0690.phi003.alignedEng:2.624    
http://pleiades.stoa.org/places/550595#this	urn:cts:latinLit:phi0690.phi003.alignedEng:2.634    
http://pleiades.stoa.org/places/550595#this	urn:cts:latinLit:phi0690.phi003.alignedEng:2.692    
http://pleiades.stoa.org/places/550595#this	urn:cts:latinLit:phi0690.phi003.alignedEng:2.692    
http://pleiades.stoa.org/places/550595#this	urn:cts:latinLit:phi0690.phi003.alignedEng:2.752    
http://pleiades.stoa.org/places/550595#this	urn:cts:latinLit:phi0690.phi003.alignedEng:2.795    
http://pleiades.stoa.org/places/550595#this	urn:cts:latinLit:phi0690.phi003.alignedEng:3.1    
http://pleiades.stoa.org/places/550595#this	urn:cts:latinLit:phi0690.phi003.alignedEng:3.1    
http://pleiades.stoa.org/places/550595#this	urn:cts:latinLit:phi0690.phi003.alignedEng:3.1    
http://pleiades.stoa.org/places/550595#this	urn:cts:latinLit:phi0690.phi003.alignedEng:3.1    
http://pleiades.stoa.org/places/550595#this	urn:cts:latinLit:phi0690.phi003.alignedEng:3.49    
http://pleiades.stoa.org/places/550595#this	urn:cts:latinLit:phi0690.phi003.alignedEng:3.84    
http://pleiades.stoa.org/places/550595#this	urn:cts:latinLit:phi0690.phi003.alignedEng:3.90    
http://pleiades.stoa.org/places/550595#this	urn:cts:latinLit:phi0690.phi003.alignedEng:3.147    
http://pleiades.stoa.org/places/550595#this	urn:cts:latinLit:phi0690.phi003.alignedEng:3.147    
http://pleiades.stoa.org/places/550595#this	urn:cts:latinLit:phi0690.phi003.alignedEng:3.147    
http://pleiades.stoa.org/places/550595#this	urn:cts:latinLit:phi0690.phi003.alignedEng:3.320    
http://pleiades.stoa.org/places/550595#this	urn:cts:latinLit:phi0690.phi003.alignedEng:3.320    
http://pleiades.stoa.org/places/550595#this	urn:cts:latinLit:phi0690.phi003.alignedEng:3.320    
http://pleiades.stoa.org/places/550595#this	urn:cts:latinLit:phi0690.phi003.alignedEng:3.320    
http://pleiades.stoa.org/places/550595#this	urn:cts:latinLit:phi0690.phi003.alignedEng:3.356    
http://pleiades.stoa.org/places/550595#this	urn:cts:latinLit:phi0690.phi003.alignedEng:3.441    
http://pleiades.stoa.org/places/550595#this	urn:cts:latinLit:phi0690.phi003.alignedEng:3.472    
http://pleiades.stoa.org/places/550595#this	urn:cts:latinLit:phi0690.phi003.alignedEng:3.472    
http://pleiades.stoa.org/places/550595#this	urn:cts:latinLit:phi0690.phi003.alignedEng:3.472    
http://pleiades.stoa.org/places/550595#this	urn:cts:latinLit:phi0690.phi003.alignedEng:3.588    
http://pleiades.stoa.org/places/550595#this	urn:cts:latinLit:phi0690.phi003.alignedEng:3.588    
http://pleiades.stoa.org/places/550595#this	urn:cts:latinLit:phi0690.phi003.alignedEng:3.613    
http://pleiades.stoa.org/places/550595#this	urn:cts:latinLit:phi0690.phi003.alignedEng:4.105    
http://pleiades.stoa.org/places/550595#this	urn:cts:latinLit:phi0690.phi003.alignedEng:4.160    
http://pleiades.stoa.org/places/550595#this	urn:cts:latinLit:phi0690.phi003.alignedEng:4.160    
http://pleiades.stoa.org/places/550595#this	urn:cts:latinLit:phi0690.phi003.alignedEng:4.296    
http://pleiades.stoa.org/places/550595#this	urn:cts:latinLit:phi0690.phi003.alignedEng:4.296    
http://pleiades.stoa.org/places/550595#this	urn:cts:latinLit:phi0690.phi003.alignedEng:4.331    
http://pleiades.stoa.org/places/550595#this	urn:cts:latinLit:phi0690.phi003.alignedEng:4.331    
http://pleiades.stoa.org/places/550595#this	urn:cts:latinLit:phi0690.phi003.alignedEng:4.416    
http://pleiades.stoa.org/places/550595#this	urn:cts:latinLit:phi0690.phi003.alignedEng:4.416    
http://pleiades.stoa.org/places/550595#this	urn:cts:latinLit:phi0690.phi003.alignedEng:5.183    
http://pleiades.stoa.org/places/550595#this	urn:cts:latinLit:phi0690.phi003.alignedEng:5.244    
http://pleiades.stoa.org/places/550595#this	urn:cts:latinLit:phi0690.phi003.alignedEng:5.244    
http://pleiades.stoa.org/places/550595#this	urn:cts:latinLit:phi0690.phi003.alignedEng:5.286    
http://pleiades.stoa.org/places/550595#this	urn:cts:latinLit:phi0690.phi003.alignedEng:5.387    
http://pleiades.stoa.org/places/550595#this	urn:cts:latinLit:phi0690.phi003.alignedEng:5.545    
http://pleiades.stoa.org/places/550595#this	urn:cts:latinLit:phi0690.phi003.alignedEng:5.575    
http://pleiades.stoa.org/places/550595#this	urn:cts:latinLit:phi0690.phi003.alignedEng:5.575    
http://pleiades.stoa.org/places/550595#this	urn:cts:latinLit:phi0690.phi003.alignedEng:5.604    
http://pleiades.stoa.org/places/550595#this	urn:cts:latinLit:phi0690.phi003.alignedEng:5.623    
http://pleiades.stoa.org/places/550595#this	urn:cts:latinLit:phi0690.phi003.alignedEng:5.719    
http://pleiades.stoa.org/places/550595#this	urn:cts:latinLit:phi0690.phi003.alignedEng:5.746    
http://pleiades.stoa.org/places/550595#this	urn:cts:latinLit:phi0690.phi003.alignedEng:5.779    
http://pleiades.stoa.org/places/550595#this	urn:cts:latinLit:phi0690.phi003.alignedEng:5.799    
http://pleiades.stoa.org/places/550595#this	urn:cts:latinLit:phi0690.phi003.alignedEng:5.799    
http://pleiades.stoa.org/places/550595#this	urn:cts:latinLit:phi0690.phi003.alignedEng:6.42    
http://pleiades.stoa.org/places/550595#this	urn:cts:latinLit:phi0690.phi003.alignedEng:6.42    
http://pleiades.stoa.org/places/550595#this	urn:cts:latinLit:phi0690.phi003.alignedEng:6.42    
http://pleiades.stoa.org/places/550595#this	urn:cts:latinLit:phi0690.phi003.alignedEng:6.42    
http://pleiades.stoa.org/places/550595#this	urn:cts:latinLit:phi0690.phi003.alignedEng:6.77    
http://pleiades.stoa.org/places/550595#this	urn:cts:latinLit:phi0690.phi003.alignedEng:6.183    
http://pleiades.stoa.org/places/550595#this	urn:cts:latinLit:phi0690.phi003.alignedEng:6.295    
http://pleiades.stoa.org/places/550595#this	urn:cts:latinLit:phi0690.phi003.alignedEng:6.494    
http://pleiades.stoa.org/places/550595#this	urn:cts:latinLit:phi0690.phi003.alignedEng:6.494    
http://pleiades.stoa.org/places/550595#this	urn:cts:latinLit:phi0690.phi003.alignedEng:6.548    
http://pleiades.stoa.org/places/550595#this	urn:cts:latinLit:phi0690.phi003.alignedEng:6.801    
http://pleiades.stoa.org/places/550595#this	urn:cts:latinLit:phi0690.phi003.alignedEng:7.81    
http://pleiades.stoa.org/places/550595#this	urn:cts:latinLit:phi0690.phi003.alignedEng:7.107    
http://pleiades.stoa.org/places/550595#this	urn:cts:latinLit:phi0690.phi003.alignedEng:7.212    
http://pleiades.stoa.org/places/550595#this	urn:cts:latinLit:phi0690.phi003.alignedEng:7.212    
http://pleiades.stoa.org/places/550595#this	urn:cts:latinLit:phi0690.phi003.alignedEng:7.212    
http://pleiades.stoa.org/places/550595#this	urn:cts:latinLit:phi0690.phi003.alignedEng:7.249    
http://pleiades.stoa.org/places/550595#this	urn:cts:latinLit:phi0690.phi003.alignedEng:7.286    
http://pleiades.stoa.org/places/550595#this	urn:cts:latinLit:phi0690.phi003.alignedEng:7.286    
http://pleiades.stoa.org/places/550595#this	urn:cts:latinLit:phi0690.phi003.alignedEng:7.286    
http://pleiades.stoa.org/places/550595#this	urn:cts:latinLit:phi0690.phi003.alignedEng:7.601    
http://pleiades.stoa.org/places/550595#this	urn:cts:latinLit:phi0690.phi003.alignedEng:7.723    
http://pleiades.stoa.org/places/550595#this	urn:cts:latinLit:phi0690.phi003.alignedEng:8.1    
http://pleiades.stoa.org/places/550595#this	urn:cts:latinLit:phi0690.phi003.alignedEng:8.280    
http://pleiades.stoa.org/places/550595#this	urn:cts:latinLit:phi0690.phi003.alignedEng:8.370    
http://pleiades.stoa.org/places/550595#this	urn:cts:latinLit:phi0690.phi003.alignedEng:8.370    
http://pleiades.stoa.org/places/550595#this	urn:cts:latinLit:phi0690.phi003.alignedEng:8.470    
http://pleiades.stoa.org/places/550595#this	urn:cts:latinLit:phi0690.phi003.alignedEng:8.520    
http://pleiades.stoa.org/places/550595#this	urn:cts:latinLit:phi0690.phi003.alignedEng:8.585    
http://pleiades.stoa.org/places/550595#this	urn:cts:latinLit:phi0690.phi003.alignedEng:9.47    
http://pleiades.stoa.org/places/550595#this	urn:cts:latinLit:phi0690.phi003.alignedEng:9.123    
http://pleiades.stoa.org/places/550595#this	urn:cts:latinLit:phi0690.phi003.alignedEng:9.123    
http://pleiades.stoa.org/places/550595#this	urn:cts:latinLit:phi0690.phi003.alignedEng:9.123    
http://pleiades.stoa.org/places/550595#this	urn:cts:latinLit:phi0690.phi003.alignedEng:9.176    
http://pleiades.stoa.org/places/550595#this	urn:cts:latinLit:phi0690.phi003.alignedEng:9.246    
http://pleiades.stoa.org/places/550595#this	urn:cts:latinLit:phi0690.phi003.alignedEng:10.1    
http://pleiades.stoa.org/places/550595#this	urn:cts:latinLit:phi0690.phi003.alignedEng:10.16    
http://pleiades.stoa.org/places/550595#this	urn:cts:latinLit:phi0690.phi003.alignedEng:10.16    
http://pleiades.stoa.org/places/550595#this	urn:cts:latinLit:phi0690.phi003.alignedEng:10.16    
http://pleiades.stoa.org/places/550595#this	urn:cts:latinLit:phi0690.phi003.alignedEng:10.16    
http://pleiades.stoa.org/places/550595#this	urn:cts:latinLit:phi0690.phi003.alignedEng:10.16    
http://pleiades.stoa.org/places/550595#this	urn:cts:latinLit:phi0690.phi003.alignedEng:10.62    
http://pleiades.stoa.org/places/550595#this	urn:cts:latinLit:phi0690.phi003.alignedEng:10.62    
http://pleiades.stoa.org/places/550595#this	urn:cts:latinLit:phi0690.phi003.alignedEng:10.62    
http://pleiades.stoa.org/places/550595#this	urn:cts:latinLit:phi0690.phi003.alignedEng:10.96    
http://pleiades.stoa.org/places/550595#this	urn:cts:latinLit:phi0690.phi003.alignedEng:10.96    
http://pleiades.stoa.org/places/550595#this	urn:cts:latinLit:phi0690.phi003.alignedEng:10.362    
http://pleiades.stoa.org/places/550595#this	urn:cts:latinLit:phi0690.phi003.alignedEng:10.439    
http://pleiades.stoa.org/places/550595#this	urn:cts:latinLit:phi0690.phi003.alignedEng:10.510    
http://pleiades.stoa.org/places/550595#this	urn:cts:latinLit:phi0690.phi003.alignedEng:10.633    
http://pleiades.stoa.org/places/550595#this	urn:cts:latinLit:phi0690.phi003.alignedEng:10.689    
http://pleiades.stoa.org/places/550595#this	urn:cts:latinLit:phi0690.phi003.alignedEng:11.122    
http://pleiades.stoa.org/places/550595#this	urn:cts:latinLit:phi0690.phi003.alignedEng:11.243    
http://pleiades.stoa.org/places/550595#this	urn:cts:latinLit:phi0690.phi003.alignedEng:11.243    
http://pleiades.stoa.org/places/550595#this	urn:cts:latinLit:phi0690.phi003.alignedEng:11.243    
http://pleiades.stoa.org/places/550595#this	urn:cts:latinLit:phi0690.phi003.alignedEng:11.243    
http://pleiades.stoa.org/places/550595#this	urn:cts:latinLit:phi0690.phi003.alignedEng:11.243    
http://pleiades.stoa.org/places/550595#this	urn:cts:latinLit:phi0690.phi003.alignedEng:11.376    
http://pleiades.stoa.org/places/550595#this	urn:cts:latinLit:phi0690.phi003.alignedEng:11.399    
http://pleiades.stoa.org/places/550595#this	urn:cts:latinLit:phi0690.phi003.alignedEng:11.836    
http://pleiades.stoa.org/places/550595#this	urn:cts:latinLit:phi0690.phi003.alignedEng:12.529    
http://pleiades.stoa.org/places/550595#this	urn:cts:latinLit:phi0690.phi003.alignedEng:12.614    
http://pleiades.stoa.org/places/550595#this	urn:cts:latinLit:phi0690.phi003.alignedEng:12.697    
http://pleiades.stoa.org/places/550595#this	urn:cts:latinLit:phi0690.phi003.alignedEng:12.728    
http://pleiades.stoa.org/places/550595#this	urn:cts:latinLit:phi0690.phi003.alignedEng:12.791    
http://pleiades.stoa.org/places/570102#this	urn:cts:latinLit:phi0690.phi003.alignedEng:8.152    
http://pleiades.stoa.org/places/570102#this	urn:cts:latinLit:phi0690.phi003.alignedEng:8.470    
http://pleiades.stoa.org/places/570102#this	urn:cts:latinLit:phi0690.phi003.alignedEng:10.215    
http://pleiades.stoa.org/places/570102#this	urn:cts:latinLit:phi0690.phi003.alignedEng:10.426    
http://pleiades.stoa.org/places/570102#this	urn:cts:latinLit:phi0690.phi003.alignedEng:12.257    
http://pleiades.stoa.org/places/573048#this	urn:cts:latinLit:phi0690.phi003.alignedEng:2.453    
http://pleiades.stoa.org/places/981502#this	urn:cts:latinLit:phi0690.phi003.alignedEng:2.453    
http://pleiades.stoa.org/places/570712#this	urn:cts:latinLit:phi0690.phi003.alignedEng:2.453 (reference to nearby place)    
http://pleiades.stoa.org/places/60403#this	urn:cts:latinLit:phi0690.phi003.alignedEng:2.453    
http://pleiades.stoa.org/places/991372#this	urn:cts:latinLit:phi0690.phi003.alignedEng:2.453    
http://pleiades.stoa.org/places/30202#this	urn:cts:latinLit:phi0690.phi003.alignedEng:2.453    
http://pleiades.stoa.org/places/594942#this	urn:cts:latinLit:phi0690.phi003.alignedEng:2.453    
http://pleiades.stoa.org/places/573048#this	urn:cts:latinLit:phi0690.phi003.alignedEng:6.801    
http://pleiades.stoa.org/places/981502#this	urn:cts:latinLit:phi0690.phi003.alignedEng:6.801    
http://pleiades.stoa.org/places/570712#this	urn:cts:latinLit:phi0690.phi003.alignedEng:6.801 (reference to nearby place)    
http://pleiades.stoa.org/places/60403#this	urn:cts:latinLit:phi0690.phi003.alignedEng:6.801    
http://pleiades.stoa.org/places/991372#this	urn:cts:latinLit:phi0690.phi003.alignedEng:6.801    
http://pleiades.stoa.org/places/30202#this	urn:cts:latinLit:phi0690.phi003.alignedEng:6.801    
http://pleiades.stoa.org/places/594942#this	urn:cts:latinLit:phi0690.phi003.alignedEng:6.801    
http://pleiades.stoa.org/places/432739#this	urn:cts:latinLit:phi0690.phi003.alignedEng:7.723    
http://pleiades.stoa.org/places/462214#this	urn:cts:latinLit:phi0690.phi003.alignedEng:3.692    
http://pleiades.stoa.org/places/462215#this	urn:cts:latinLit:phi0690.phi003.alignedEng:3.692    
http://pleiades.stoa.org/places/422824#this	urn:cts:latinLit:phi0690.phi003.alignedEng:1.254    
http://pleiades.stoa.org/places/422824#this	urn:cts:latinLit:phi0690.phi003.alignedEng:5.575    
http://pleiades.stoa.org/places/422824#this	urn:cts:latinLit:phi0690.phi003.alignedEng:6.756    
http://pleiades.stoa.org/places/570186#this	urn:cts:latinLit:phi0690.phi003.alignedEng:1.657    
http://pleiades.stoa.org/places/570186#this	urn:cts:latinLit:phi0690.phi003.alignedEng:5.799    
http://pleiades.stoa.org/places/570186#this	urn:cts:latinLit:phi0690.phi003.alignedEng:10.16    
http://pleiades.stoa.org/places/570186#this	urn:cts:latinLit:phi0690.phi003.alignedEng:10.62    
http://pleiades.stoa.org/places/707519#this	urn:cts:latinLit:phi0690.phi003.alignedEng:10.16    
http://pleiades.stoa.org/places/707519#this	urn:cts:latinLit:phi0690.phi003.alignedEng:10.62    
http://pleiades.stoa.org/places/432853#this	urn:cts:latinLit:phi0690.phi003.alignedEng:7.750    
http://pleiades.stoa.org/places/413229#this	urn:cts:latinLit:phi0690.phi003.alignedEng:7.706    
http://pleiades.stoa.org/places/599588#this	urn:cts:latinLit:phi0690.phi003.alignedEng:3.121    
http://pleiades.stoa.org/places/599587#this	urn:cts:latinLit:phi0690.phi003.alignedEng:3.121    
http://pleiades.stoa.org/places/599588#this	urn:cts:latinLit:phi0690.phi003.alignedEng:3.147    
http://pleiades.stoa.org/places/599587#this	urn:cts:latinLit:phi0690.phi003.alignedEng:3.147    
http://pleiades.stoa.org/places/599588#this	urn:cts:latinLit:phi0690.phi003.alignedEng:4.129    
http://pleiades.stoa.org/places/599587#this	urn:cts:latinLit:phi0690.phi003.alignedEng:4.129    
http://pleiades.stoa.org/places/599588#this	urn:cts:latinLit:phi0690.phi003.alignedEng:6.1    
http://pleiades.stoa.org/places/599587#this	urn:cts:latinLit:phi0690.phi003.alignedEng:6.1    
http://pleiades.stoa.org/places/530772#this	urn:cts:latinLit:phi0690.phi003.alignedEng:3.278    
http://pleiades.stoa.org/places/530771#this	urn:cts:latinLit:phi0690.phi003.alignedEng:3.278    
http://pleiades.stoa.org/places/530772#this	urn:cts:latinLit:phi0690.phi003.alignedEng:8.671    
http://pleiades.stoa.org/places/530771#this	urn:cts:latinLit:phi0690.phi003.alignedEng:8.671    
http://pleiades.stoa.org/places/550701#this	urn:cts:latinLit:phi0690.phi003.alignedEng:10.118    
http://pleiades.stoa.org/places/560353#this	urn:cts:latinLit:phi0690.phi003.alignedEng:3.121    
http://pleiades.stoa.org/places/560353#this	urn:cts:latinLit:phi0690.phi003.alignedEng:8.671    
http://pleiades.stoa.org/places/462202#this	urn:cts:latinLit:phi0690.phi003.alignedEng:1.561    
http://pleiades.stoa.org/places/462201#this	urn:cts:latinLit:phi0690.phi003.alignedEng:1.561    
http://pleiades.stoa.org/places/409967#this	urn:cts:latinLit:phi0690.phi003.alignedEng:1.561    
http://pleiades.stoa.org/places/462202#this	urn:cts:latinLit:phi0690.phi003.alignedEng:5.1    
http://pleiades.stoa.org/places/462201#this	urn:cts:latinLit:phi0690.phi003.alignedEng:5.1    
http://pleiades.stoa.org/places/409967#this	urn:cts:latinLit:phi0690.phi003.alignedEng:5.1    
http://pleiades.stoa.org/places/462202#this	urn:cts:latinLit:phi0690.phi003.alignedEng:5.387    
http://pleiades.stoa.org/places/462201#this	urn:cts:latinLit:phi0690.phi003.alignedEng:5.387    
http://pleiades.stoa.org/places/409967#this	urn:cts:latinLit:phi0690.phi003.alignedEng:5.387    
http://pleiades.stoa.org/places/462202#this	urn:cts:latinLit:phi0690.phi003.alignedEng:5.387    
http://pleiades.stoa.org/places/462201#this	urn:cts:latinLit:phi0690.phi003.alignedEng:5.387    
http://pleiades.stoa.org/places/409967#this	urn:cts:latinLit:phi0690.phi003.alignedEng:5.387    
http://pleiades.stoa.org/places/462202#this	urn:cts:latinLit:phi0690.phi003.alignedEng:5.387    
http://pleiades.stoa.org/places/462201#this	urn:cts:latinLit:phi0690.phi003.alignedEng:5.387    
http://pleiades.stoa.org/places/409967#this	urn:cts:latinLit:phi0690.phi003.alignedEng:5.387    
http://pleiades.stoa.org/places/462202#this	urn:cts:latinLit:phi0690.phi003.alignedEng:5.387    
http://pleiades.stoa.org/places/462201#this	urn:cts:latinLit:phi0690.phi003.alignedEng:5.387    
http://pleiades.stoa.org/places/409967#this	urn:cts:latinLit:phi0690.phi003.alignedEng:5.387    
http://pleiades.stoa.org/places/462202#this	urn:cts:latinLit:phi0690.phi003.alignedEng:5.461    
http://pleiades.stoa.org/places/462201#this	urn:cts:latinLit:phi0690.phi003.alignedEng:5.461    
http://pleiades.stoa.org/places/409967#this	urn:cts:latinLit:phi0690.phi003.alignedEng:5.461    
http://pleiades.stoa.org/places/462202#this	urn:cts:latinLit:phi0690.phi003.alignedEng:5.623    
http://pleiades.stoa.org/places/462201#this	urn:cts:latinLit:phi0690.phi003.alignedEng:5.623    
http://pleiades.stoa.org/places/409967#this	urn:cts:latinLit:phi0690.phi003.alignedEng:5.623    
http://pleiades.stoa.org/places/462202#this	urn:cts:latinLit:phi0690.phi003.alignedEng:5.762    
http://pleiades.stoa.org/places/462201#this	urn:cts:latinLit:phi0690.phi003.alignedEng:5.762    
http://pleiades.stoa.org/places/409967#this	urn:cts:latinLit:phi0690.phi003.alignedEng:5.762    
http://pleiades.stoa.org/places/462202#this	urn:cts:latinLit:phi0690.phi003.alignedEng:12.697    
http://pleiades.stoa.org/places/462201#this	urn:cts:latinLit:phi0690.phi003.alignedEng:12.697    
http://pleiades.stoa.org/places/409967#this	urn:cts:latinLit:phi0690.phi003.alignedEng:12.697    
http://pleiades.stoa.org/places/432900#this	urn:cts:latinLit:phi0690.phi003.alignedEng:1.1    
http://pleiades.stoa.org/places/432900#this	urn:cts:latinLit:phi0690.phi003.alignedEng:1.12    
http://pleiades.stoa.org/places/432900#this	urn:cts:latinLit:phi0690.phi003.alignedEng:1.198    
http://pleiades.stoa.org/places/432900#this	urn:cts:latinLit:phi0690.phi003.alignedEng:1.254    
http://pleiades.stoa.org/places/432900#this	urn:cts:latinLit:phi0690.phi003.alignedEng:4.416    
http://pleiades.stoa.org/places/432900#this	urn:cts:latinLit:phi0690.phi003.alignedEng:6.77    
http://pleiades.stoa.org/places/432900#this	urn:cts:latinLit:phi0690.phi003.alignedEng:7.37    
http://pleiades.stoa.org/places/432900#this	urn:cts:latinLit:phi0690.phi003.alignedEng:7.45    
http://pleiades.stoa.org/places/432900#this	urn:cts:latinLit:phi0690.phi003.alignedEng:7.249    
http://pleiades.stoa.org/places/432900#this	urn:cts:latinLit:phi0690.phi003.alignedEng:7.341    
http://pleiades.stoa.org/places/432900#this	urn:cts:latinLit:phi0690.phi003.alignedEng:7.373    
http://pleiades.stoa.org/places/432900#this	urn:cts:latinLit:phi0690.phi003.alignedEng:7.406    
http://pleiades.stoa.org/places/432900#this	urn:cts:latinLit:phi0690.phi003.alignedEng:7.601    
http://pleiades.stoa.org/places/432900#this	urn:cts:latinLit:phi0690.phi003.alignedEng:7.706    
http://pleiades.stoa.org/places/432900#this	urn:cts:latinLit:phi0690.phi003.alignedEng:8.1    
http://pleiades.stoa.org/places/432900#this	urn:cts:latinLit:phi0690.phi003.alignedEng:8.1    
http://pleiades.stoa.org/places/432900#this	urn:cts:latinLit:phi0690.phi003.alignedEng:8.1    
http://pleiades.stoa.org/places/432900#this	urn:cts:latinLit:phi0690.phi003.alignedEng:8.18    
http://pleiades.stoa.org/places/432900#this	urn:cts:latinLit:phi0690.phi003.alignedEng:8.36    
http://pleiades.stoa.org/places/432900#this	urn:cts:latinLit:phi0690.phi003.alignedEng:8.306    
http://pleiades.stoa.org/places/432900#this	urn:cts:latinLit:phi0690.phi003.alignedEng:10.1    
http://pleiades.stoa.org/places/432900#this	urn:cts:latinLit:phi0690.phi003.alignedEng:10.16    
http://pleiades.stoa.org/places/432900#this	urn:cts:latinLit:phi0690.phi003.alignedEng:10.62    
http://pleiades.stoa.org/places/432900#this	urn:cts:latinLit:phi0690.phi003.alignedEng:10.215    
http://pleiades.stoa.org/places/432900#this	urn:cts:latinLit:phi0690.phi003.alignedEng:10.287    
http://pleiades.stoa.org/places/432900#this	urn:cts:latinLit:phi0690.phi003.alignedEng:11.139    
http://pleiades.stoa.org/places/432900#this	urn:cts:latinLit:phi0690.phi003.alignedEng:11.336    
http://pleiades.stoa.org/places/432900#this	urn:cts:latinLit:phi0690.phi003.alignedEng:11.399    
http://pleiades.stoa.org/places/432900#this	urn:cts:latinLit:phi0690.phi003.alignedEng:12.18    
http://pleiades.stoa.org/places/432900#this	urn:cts:latinLit:phi0690.phi003.alignedEng:12.134    
http://pleiades.stoa.org/places/432900#this	urn:cts:latinLit:phi0690.phi003.alignedEng:12.195    
http://pleiades.stoa.org/places/432900#this	urn:cts:latinLit:phi0690.phi003.alignedEng:12.238    
http://pleiades.stoa.org/places/432900#this	urn:cts:latinLit:phi0690.phi003.alignedEng:12.529    
http://pleiades.stoa.org/places/432900#this	urn:cts:latinLit:phi0690.phi003.alignedEng:12.529    
http://pleiades.stoa.org/places/432900#this	urn:cts:latinLit:phi0690.phi003.alignedEng:12.554    
http://pleiades.stoa.org/places/432900#this	urn:cts:latinLit:phi0690.phi003.alignedEng:12.593    
http://pleiades.stoa.org/places/432900#this	urn:cts:latinLit:phi0690.phi003.alignedEng:12.791    
http://pleiades.stoa.org/places/432900#this	urn:cts:latinLit:phi0690.phi003.alignedEng:12.791    
http://pleiades.stoa.org/places/570740#this	urn:cts:latinLit:phi0690.phi003.alignedEng:7.655    
http://pleiades.stoa.org/places/530906#this	urn:cts:latinLit:phi0690.phi003.alignedEng:3.258    
http://pleiades.stoa.org/places/530905#this	urn:cts:latinLit:phi0690.phi003.alignedEng:3.258    
http://pleiades.stoa.org/places/530906#this	urn:cts:latinLit:phi0690.phi003.alignedEng:3.613    
http://pleiades.stoa.org/places/530905#this	urn:cts:latinLit:phi0690.phi003.alignedEng:3.613    
http://pleiades.stoa.org/places/530906#this	urn:cts:latinLit:phi0690.phi003.alignedEng:3.613    
http://pleiades.stoa.org/places/530905#this	urn:cts:latinLit:phi0690.phi003.alignedEng:3.613    
http://pleiades.stoa.org/places/422843#this	urn:cts:latinLit:phi0690.phi003.alignedEng:7.406    
http://pleiades.stoa.org/places/30207#this	urn:cts:latinLit:phi0690.phi003.alignedEng:7.406    
http://pleiades.stoa.org/places/422843#this	urn:cts:latinLit:phi0690.phi003.alignedEng:7.406    
http://pleiades.stoa.org/places/30207#this	urn:cts:latinLit:phi0690.phi003.alignedEng:7.406    
http://pleiades.stoa.org/places/422843#this	urn:cts:latinLit:phi0690.phi003.alignedEng:7.601    
http://pleiades.stoa.org/places/30207#this	urn:cts:latinLit:phi0690.phi003.alignedEng:7.601    
http://pleiades.stoa.org/places/422843#this	urn:cts:latinLit:phi0690.phi003.alignedEng:12.18    
http://pleiades.stoa.org/places/30207#this	urn:cts:latinLit:phi0690.phi003.alignedEng:12.18    
http://pleiades.stoa.org/places/570424#this	urn:cts:latinLit:phi0690.phi003.alignedEng:6.282    
http://pleiades.stoa.org/places/570424#this	urn:cts:latinLit:phi0690.phi003.alignedEng:6.801    
http://pleiades.stoa.org/places/570424#this	urn:cts:latinLit:phi0690.phi003.alignedEng:12.500    
http://pleiades.stoa.org/places/422909#this	urn:cts:latinLit:phi0690.phi003.alignedEng:6.756    
http://pleiades.stoa.org/places/462077#this	urn:cts:latinLit:phi0690.phi003.alignedEng:3.548    
http://pleiades.stoa.org/places/462077#this	urn:cts:latinLit:phi0690.phi003.alignedEng:3.570    
http://pleiades.stoa.org/places/462077#this	urn:cts:latinLit:phi0690.phi003.alignedEng:3.570    
http://pleiades.stoa.org/places/462077#this	urn:cts:latinLit:phi0690.phi003.alignedEng:3.655    
http://pleiades.stoa.org/places/462077#this	urn:cts:latinLit:phi0690.phi003.alignedEng:8.407    
http://pleiades.stoa.org/places/462077#this	urn:cts:latinLit:phi0690.phi003.alignedEng:8.424    
http://pleiades.stoa.org/places/462077#this	urn:cts:latinLit:phi0690.phi003.alignedEng:11.243    
http://pleiades.stoa.org/places/541138#this	urn:cts:latinLit:phi0690.phi003.alignedEng:4.450    
http://pleiades.stoa.org/places/786017#this	urn:cts:latinLit:phi0690.phi003.alignedEng:4.450    
http://pleiades.stoa.org/places/433052#this	urn:cts:latinLit:phi0690.phi003.alignedEng:11.532    
